{
  "timestamp": 1765724132.7459042,
  "t": 44.10000000000036,
  "lap": 2,
  "track_index": 1808,
  "driver_id": "driver_normal",
  "gps": {
    "x": 6.960618279961761,
    "y": -0.0017023739687372333
  },
  "true": {
    "speed_kmh": 319.15751237454936,
    "coolant_temp": 1275.7032503571247,
    "brake_cmd": 0.0,
    "throttle": 0.812918183141518,
    "yaw_deg": -0.010198560685765176
  },
  "sensors": {
    "wheel_speed": 320.26,
    "brake_pressure": 1.36,
    "coolant_temp": 1275.53,
    "imu": {
      "ax": 0.008,
      "ay": 0.013,
      "yaw": -0.019
    }
  }
}