{"timestamp": 1764932575.307641, "t": 17.299999999999976, "lap": 0, "track_index": 640, "gps": {"x": 15.489744624799535, "y": 157.60614281379694}, "true": {"speed_kmh": 275.5049916750692, "coolant_temp": 493.34836017634785, "brake_cmd": 0.65, "throttle": 0.3, "yaw_deg": 3.4845103682630363}, "sensors": {"wheel_speed": 275.62, "brake_pressure": 64.38, "coolant_temp": 493.85, "imu": {"ax": -0.066, "ay": -0.001, "yaw": 3.5}}}