{"timestamp": 1764656213.457809, "coolant_temp": 77.52, "wheel_speed": 90.5, "brake_pressure": 0.0, "imu": {"ax": 0.06934108316118558, "ay": 0.14653575557270831, "yaw": 1.6480663092813796}}